user_id,policy_num,last_t,entry_t,calendar_t,action1prob,intercept,action,reward,past_action_1,past_reward,past_action_1_reward,dosage,in_study,in_study_row_index,pretreat_feature1,pretreat_feature2,Z_id
1,1.0,5,1,1,0.2585311532020569,1,0.0,-1.8195999349601462,0.0,0.6502179385477337,0.0,0.0,1,0,-0.17393154014666556,-0.7976539935802678,1
1,2.0,5,1,2,0.48517367243766785,1,0.0,-1.5527880560513212,0.0,-1.8195999349601462,-0.0,0.0,1,1,-0.17393154014666556,-0.7976539935802678,1
1,3.0,5,1,3,0.6013106107711792,1,1.0,-1.3321661758376802,0.0,-1.5527880560513212,-0.0,0.0,1,2,-0.17393154014666556,-0.7976539935802678,1
1,4.0,5,1,4,0.6001998782157898,1,1.0,-1.5489620521480507,1.0,-1.3321661758376802,-1.3321661758376802,0.050000000000000044,1,3,-0.17393154014666556,-0.7976539935802678,1
1,5.0,5,1,5,0.6092885732650757,1,1.0,-1.2062125530616756,1.0,-1.5489620521480507,-1.5489620521480507,0.09750000000000009,1,4,-0.17393154014666556,-0.7976539935802678,1
2,1.0,5,1,1,0.3110467791557312,1,0.0,2.2370324459693642,0.0,-0.044536471884861414,0.0,0.0,1,5,0.18531334955888934,-1.5354744504720441,1
2,2.0,5,1,2,0.1871020495891571,1,1.0,0.697086187636085,0.0,2.2370324459693642,0.0,0.0,1,6,0.18531334955888934,-1.5354744504720441,1
2,3.0,5,1,3,0.3384106159210205,1,1.0,1.7643199646781347,1.0,0.697086187636085,0.697086187636085,0.050000000000000044,1,7,0.18531334955888934,-1.5354744504720441,1
2,4.0,5,1,4,0.40410271286964417,1,1.0,2.029122906021984,1.0,1.7643199646781347,1.7643199646781347,0.09750000000000009,1,8,0.18531334955888934,-1.5354744504720441,1
2,5.0,5,1,5,0.18675799667835236,1,0.0,0.8220539953599573,1.0,2.029122906021984,2.029122906021984,0.14262500000000014,1,9,0.18531334955888934,-1.5354744504720441,1
3,1.0,5,1,1,0.29596489667892456,1,1.0,-0.7895442854059869,0.0,0.14733026404891814,0.0,0.0,1,10,-0.172222365355156,-2.229552960524965,1
3,2.0,5,1,2,0.3971739709377289,1,0.0,-1.4648006951812045,1.0,-0.7895442854059869,-0.7895442854059869,0.050000000000000044,1,11,-0.172222365355156,-2.229552960524965,1
3,3.0,5,1,3,0.5911306738853455,1,1.0,-1.3232924945203133,0.0,-1.4648006951812045,-0.0,0.04750000000000004,1,12,-0.172222365355156,-2.229552960524965,1
3,4.0,5,1,4,0.5996532440185547,1,0.0,-0.5136980502685955,1.0,-1.3232924945203133,-1.3232924945203133,0.09512500000000007,1,13,-0.172222365355156,-2.229552960524965,1
3,5.0,5,1,5,0.4725504517555237,1,1.0,0.7480468831289155,0.0,-0.5136980502685955,-0.0,0.09036875000000007,1,14,-0.172222365355156,-2.229552960524965,1
4,1.0,5,1,1,0.28783974051475525,1,0.0,-1.2464393056766019,0.0,0.25303213817574366,0.0,0.0,1,15,0.13495436946100792,-1.2121536536046058,1
4,2.0,5,1,2,0.43573516607284546,1,0.0,-1.9456069849140516,0.0,-1.2464393056766019,-0.0,0.0,1,16,0.13495436946100792,-1.2121536536046058,1
4,3.0,5,1,3,0.6455928087234497,1,1.0,-0.6480296838007802,0.0,-1.9456069849140516,-0.0,0.0,1,17,0.13495436946100792,-1.2121536536046058,1
4,4.0,5,1,4,0.5574249029159546,1,1.0,0.17205934684660676,1.0,-0.6480296838007802,-0.6480296838007802,0.050000000000000044,1,18,0.13495436946100792,-1.2121536536046058,1
4,5.0,5,1,5,0.3829534649848938,1,0.0,-0.043394483342379095,1.0,0.17205934684660676,0.17205934684660676,0.09750000000000009,1,19,0.13495436946100792,-1.2121536536046058,1
5,1.0,5,1,1,0.27979326248168945,1,0.0,0.9007189595256532,0.0,0.359477814177913,0.0,0.0,1,20,0.1458892056477149,1.365512046914315,1
5,2.0,5,1,2,0.2680380940437317,1,0.0,-0.1898015322300909,0.0,0.9007189595256532,0.0,0.0,1,21,0.1458892056477149,1.365512046914315,1
5,3.0,5,1,3,0.439267098903656,1,1.0,-0.26463862896680024,0.0,-0.1898015322300909,-0.0,0.0,1,22,0.1458892056477149,1.365512046914315,1
5,4.0,5,1,4,0.5330324172973633,1,0.0,-0.4803464148668024,1.0,-0.26463862896680024,-0.26463862896680024,0.050000000000000044,1,23,0.1458892056477149,1.365512046914315,1
5,5.0,5,1,5,0.46810248494148254,1,0.0,0.835552309219888,0.0,-0.4803464148668024,-0.0,0.04750000000000004,1,24,0.1458892056477149,1.365512046914315,1
6,1.0,5,1,1,0.2422395944595337,1,1.0,1.0310392356553766,0.0,0.8836693761392533,0.0,0.0,1,25,-0.990955726649827,-0.028625470538181656,1
6,2.0,5,1,2,0.259247362613678,1,0.0,0.6146430242842457,1.0,1.0310392356553766,1.0310392356553766,0.050000000000000044,1,26,-0.990955726649827,-0.028625470538181656,1
6,3.0,5,1,3,0.3473377525806427,1,0.0,0.17206713462154982,0.0,0.6146430242842457,0.0,0.04750000000000004,1,27,-0.990955726649827,-0.028625470538181656,1
6,4.0,5,1,4,0.5050608515739441,1,0.0,0.04564317718057531,0.0,0.17206713462154982,0.0,0.04512500000000004,1,28,-0.990955726649827,-0.028625470538181656,1
6,5.0,5,1,5,0.39906713366508484,1,0.0,0.9452517935420583,0.0,0.04564317718057531,0.0,0.04286875000000004,1,29,-0.990955726649827,-0.028625470538181656,1
7,1.0,5,1,1,0.2990603744983673,1,0.0,1.8894538528594578,0.0,0.10750612819203152,0.0,0.0,1,30,0.5498361409260045,0.6733916733656093,1
7,2.0,5,1,2,0.20616935193538666,1,0.0,1.7432580457413398,0.0,1.8894538528594578,0.0,0.0,1,31,0.5498361409260045,0.6733916733656093,1
7,3.0,5,1,3,0.2362794280052185,1,0.0,2.2043499875844788,0.0,1.7432580457413398,0.0,0.0,1,32,0.5498361409260045,0.6733916733656093,1
7,4.0,5,1,4,0.3772280216217041,1,0.0,2.0740281997149204,0.0,2.2043499875844788,0.0,0.0,1,33,0.5498361409260045,0.6733916733656093,1
7,5.0,5,1,5,0.18313424289226532,1,0.0,1.3646780810412729,0.0,2.0740281997149204,0.0,0.0,1,34,0.5498361409260045,0.6733916733656093,1
8,1.0,5,1,1,0.3030710816383362,1,0.0,-0.1676758084432558,0.0,0.05625654081305038,0.0,0.0,1,35,2.971839618871243,2.4239181207332177,1
8,2.0,5,1,2,0.3467522859573364,1,1.0,0.2991836007486651,0.0,-0.1676758084432558,-0.0,0.0,1,36,2.971839618871243,2.4239181207332177,1
8,3.0,5,1,3,0.38245314359664917,1,1.0,-0.05945723794986579,1.0,0.2991836007486651,0.2991836007486651,0.050000000000000044,1,37,2.971839618871243,2.4239181207332177,1
8,4.0,5,1,4,0.5199053883552551,1,1.0,-0.19879486197623297,1.0,-0.05945723794986579,-0.05945723794986579,0.09750000000000009,1,38,2.971839618871243,2.4239181207332177,1
8,5.0,5,1,5,0.43082326650619507,1,0.0,0.21828998955597778,1.0,-0.19879486197623297,-0.19879486197623297,0.14262500000000014,1,39,2.971839618871243,2.4239181207332177,1
9,1.0,5,1,1,0.2878446578979492,1,0.0,0.8512944735716712,0.0,0.2529676135168815,0.0,0.0,1,40,0.643657788768525,1.0633167854670142,1
9,2.0,5,1,2,0.27142098546028137,1,0.0,1.6192139898619953,0.0,0.8512944735716712,0.0,0.0,1,41,0.643657788768525,1.0633167854670142,1
9,3.0,5,1,3,0.2472059577703476,1,0.0,1.0836614341314226,0.0,1.6192139898619953,0.0,0.0,1,42,0.643657788768525,1.0633167854670142,1
9,4.0,5,1,4,0.4467744827270508,1,0.0,2.0389022442630518,0.0,1.0836614341314226,0.0,0.0,1,43,0.643657788768525,1.0633167854670142,1
9,5.0,5,1,5,0.18596413731575012,1,0.0,0.5268578101455548,0.0,2.0389022442630518,0.0,0.0,1,44,0.643657788768525,1.0633167854670142,1
10,1.0,5,1,1,0.2812202274799347,1,0.0,0.5253670555766291,0.0,0.3404666157714701,0.0,0.0,1,45,0.10306991900334159,-0.46880983034369655,1
10,2.0,5,1,2,0.2943875193595886,1,1.0,0.17948824741193645,0.0,0.5253670555766291,0.0,0.0,1,46,0.10306991900334159,-0.46880983034369655,1
10,3.0,5,1,3,0.39612871408462524,1,1.0,1.838185798847859,1.0,0.17948824741193645,0.17948824741193645,0.050000000000000044,1,47,0.10306991900334159,-0.46880983034369655,1
10,4.0,5,1,4,0.39954614639282227,1,1.0,0.5899578430292612,1.0,1.838185798847859,1.838185798847859,0.09750000000000009,1,48,0.10306991900334159,-0.46880983034369655,1
10,5.0,5,1,5,0.33164507150650024,1,0.0,1.5953847082020238,1.0,0.5899578430292612,0.5899578430292612,0.14262500000000014,1,49,0.10306991900334159,-0.46880983034369655,1
11,1.0,5,1,1,0.3279862701892853,1,0.0,-0.27671884352148207,0.0,-0.25405699072427734,0.0,0.0,1,50,-0.165304168012722,-0.5894419683893717,1
11,2.0,5,1,2,0.35538432002067566,1,0.0,-0.06794742827919335,0.0,-0.27671884352148207,-0.0,0.0,1,51,-0.165304168012722,-0.5894419683893717,1
11,3.0,5,1,3,0.4248972237110138,1,0.0,0.15125800289400643,0.0,-0.06794742827919335,-0.0,0.0,1,52,-0.165304168012722,-0.5894419683893717,1
11,4.0,5,1,4,0.5063958168029785,1,1.0,-0.49515699124021995,0.0,0.15125800289400643,0.0,0.0,1,53,-0.165304168012722,-0.5894419683893717,1
11,5.0,5,1,5,0.47007712721824646,1,0.0,0.16350100137800938,1.0,-0.49515699124021995,-0.49515699124021995,0.050000000000000044,1,54,-0.165304168012722,-0.5894419683893717,1
12,1.0,5,1,1,0.3113030195236206,1,0.0,0.2604271723392097,0.0,-0.04775094981387421,0.0,0.0,1,55,-0.8403182620418018,-0.8861856951076004,1
12,2.0,5,1,2,0.31386616826057434,1,0.0,-0.3610444672507678,0.0,0.2604271723392097,0.0,0.0,1,56,-0.8403182620418018,-0.8861856951076004,1
12,3.0,5,1,3,0.459629088640213,1,1.0,-0.44079135327448093,0.0,-0.3610444672507678,-0.0,0.0,1,57,-0.8403182620418018,-0.8861856951076004,1
12,4.0,5,1,4,0.5442665815353394,1,1.0,-0.7178721951478343,1.0,-0.44079135327448093,-0.44079135327448093,0.050000000000000044,1,58,-0.8403182620418018,-0.8861856951076004,1
12,5.0,5,1,5,0.4998491406440735,1,1.0,-0.39093070565321475,1.0,-0.7178721951478343,-0.7178721951478343,0.09750000000000009,1,59,-0.8403182620418018,-0.8861856951076004,1
13,1.0,5,1,1,0.2993246614933014,1,0.0,-0.6127042373517175,0.0,0.10411652417637282,0.0,0.0,1,60,0.824593130906013,-1.4276677660643564,1
13,2.0,5,1,2,0.3825582265853882,1,1.0,0.5838905864517048,0.0,-0.6127042373517175,-0.0,0.0,1,61,0.824593130906013,-1.4276677660643564,1
13,3.0,5,1,3,0.3506958484649658,1,0.0,0.9306366807046542,1.0,0.5838905864517048,0.5838905864517048,0.050000000000000044,1,62,0.824593130906013,-1.4276677660643564,1
13,4.0,5,1,4,0.4565005302429199,1,0.0,1.847514781753851,0.0,0.9306366807046542,0.0,0.04750000000000004,1,63,0.824593130906013,-1.4276677660643564,1
13,5.0,5,1,5,0.20197585225105286,1,1.0,1.8824265583197348,0.0,1.847514781753851,0.0,0.04512500000000004,1,64,0.824593130906013,-1.4276677660643564,1
14,1.0,5,1,1,0.3604787290096283,1,0.0,0.27829600892230927,0.0,-0.6413004724511008,0.0,0.0,1,65,-0.5608664468430351,0.6023887655807525,1
14,2.0,5,1,2,0.3125305473804474,1,0.0,-1.4713375866613283,0.0,0.27829600892230927,0.0,0.0,1,66,-0.5608664468430351,0.6023887655807525,1
14,3.0,5,1,3,0.5918897390365601,1,1.0,-1.1641981740525649,0.0,-1.4713375866613283,-0.0,0.0,1,67,-0.5608664468430351,0.6023887655807525,1
14,4.0,5,1,4,0.5898123383522034,1,0.0,-0.37314123917655967,1.0,-1.1641981740525649,-1.1641981740525649,0.050000000000000044,1,68,-0.5608664468430351,0.6023887655807525,1
14,5.0,5,1,5,0.45384275913238525,1,1.0,1.5559659004256923,0.0,-0.37314123917655967,-0.0,0.04750000000000004,1,69,-0.5608664468430351,0.6023887655807525,1
15,1.0,5,1,1,0.2600194215774536,1,0.0,-1.3743829008934232,0.0,0.6293819242894516,0.0,0.0,1,70,1.2246447166166186,0.08306658851304614,1
15,2.0,5,1,2,0.44669580459594727,1,0.0,-1.1749696629643898,0.0,-1.3743829008934232,-0.0,0.0,1,71,1.2246447166166186,0.08306658851304614,1
15,3.0,5,1,3,0.5570863485336304,1,0.0,-0.9932214547276872,0.0,-1.1749696629643898,-0.0,0.0,1,72,1.2246447166166186,0.08306658851304614,1
15,4.0,5,1,4,0.5791559219360352,1,1.0,-0.6285354228691211,0.0,-0.9932214547276872,-0.0,0.0,1,73,1.2246447166166186,0.08306658851304614,1
15,5.0,5,1,5,0.48789483308792114,1,1.0,-0.9918848576056605,1.0,-0.6285354228691211,-0.6285354228691211,0.050000000000000044,1,74,1.2246447166166186,0.08306658851304614,1
16,1.0,5,1,1,0.20809026062488556,1,1.0,-2.3667463162348006,0.0,1.4107722981946176,0.0,0.0,1,75,0.7240547031750618,-0.046781167771802884,1
16,2.0,5,1,2,0.532654345035553,1,1.0,-1.218843363702191,1.0,-2.3667463162348006,-2.3667463162348006,0.050000000000000044,1,76,0.7240547031750618,-0.046781167771802884,1
16,3.0,5,1,3,0.5622827410697937,1,1.0,-0.9019634446730969,1.0,-1.218843363702191,-1.218843363702191,0.09750000000000009,1,77,0.7240547031750618,-0.046781167771802884,1
16,4.0,5,1,4,0.5734370946884155,1,0.0,-0.45644003043189696,1.0,-0.9019634446730969,-0.9019634446730969,0.14262500000000014,1,78,0.7240547031750618,-0.046781167771802884,1
16,5.0,5,1,5,0.46491724252700806,1,1.0,-1.5598533774739212,0.0,-0.45644003043189696,-0.0,0.13549375000000013,1,79,0.7240547031750618,-0.046781167771802884,1
17,1.0,5,1,1,0.30530592799186707,1,0.0,0.16453398526843396,0.0,0.0278656620709921,0.0,0.0,1,80,-0.14556512553322998,1.284060165540408,1
17,2.0,5,1,2,0.32108625769615173,1,0.0,-0.10429193498001316,0.0,0.16453398526843396,0.0,0.0,1,81,-0.14556512553322998,1.284060165540408,1
17,3.0,5,1,3,0.42917102575302124,1,1.0,1.365982570554047,0.0,-0.10429193498001316,-0.0,0.0,1,82,-0.14556512553322998,1.284060165540408,1
17,4.0,5,1,4,0.4289422929286957,1,1.0,-0.28492541492463347,1.0,1.365982570554047,1.365982570554047,0.050000000000000044,1,83,-0.14556512553322998,1.284060165540408,1
17,5.0,5,1,5,0.4421643316745758,1,1.0,-0.10104107492795106,1.0,-0.28492541492463347,-0.28492541492463347,0.09750000000000009,1,84,-0.14556512553322998,1.284060165540408,1
18,1.0,5,1,1,0.3277328908443451,1,0.0,0.8008686500791454,0.0,-0.25096589789673107,0.0,0.0,1,85,-0.46352956666778433,0.6083483175142513,1
18,2.0,5,1,2,0.2748998999595642,1,1.0,0.8768017318244512,0.0,0.8008686500791454,0.0,0.0,1,86,-0.46352956666778433,0.6083483175142513,1
18,3.0,5,1,3,0.3193504810333252,1,0.0,0.9942445791501102,1.0,0.8768017318244512,0.8768017318244512,0.050000000000000044,1,87,-0.46352956666778433,0.6083483175142513,1
18,4.0,5,1,4,0.45245325565338135,1,0.0,1.1897761700556329,0.0,0.9942445791501102,0.0,0.04750000000000004,1,88,-0.46352956666778433,0.6083483175142513,1
18,5.0,5,1,5,0.26466360688209534,1,0.0,0.19799220504899734,0.0,1.1897761700556329,0.0,0.04512500000000004,1,89,-0.46352956666778433,0.6083483175142513,1
19,1.0,5,1,1,0.35462772846221924,1,0.0,0.7851077625962644,0.0,-0.5728116628313845,0.0,0.0,1,90,-0.7833242223254823,-0.9961646985479982,1
19,2.0,5,1,2,0.2759929299354553,1,0.0,0.6894631750088913,0.0,0.7851077625962644,0.0,0.0,1,91,-0.7833242223254823,-0.9961646985479982,1
19,3.0,5,1,3,0.33923137187957764,1,0.0,0.25306326832544285,0.0,0.6894631750088913,0.0,0.0,1,92,-0.7833242223254823,-0.9961646985479982,1
19,4.0,5,1,4,0.49986425042152405,1,1.0,-0.07914152402956533,0.0,0.25306326832544285,0.0,0.0,1,93,-0.7833242223254823,-0.9961646985479982,1
19,5.0,5,1,5,0.4151902198791504,1,0.0,1.5258102239582212,1.0,-0.07914152402956533,-0.07914152402956533,0.050000000000000044,1,94,-0.7833242223254823,-0.9961646985479982,1
20,1.0,5,1,1,0.2769094407558441,1,0.0,0.358285121723868,0.0,0.3980799853940167,0.0,0.0,1,95,-1.0610920555816548,-0.39591446237740996,1
20,2.0,5,1,2,0.30658993124961853,1,0.0,-0.21603200463677275,0.0,0.358285121723868,0.0,0.0,1,96,-1.0610920555816548,-0.39591446237740996,1
20,3.0,5,1,3,0.4423745572566986,1,1.0,-0.1060474587018379,0.0,-0.21603200463677275,-0.0,0.0,1,97,-1.0610920555816548,-0.39591446237740996,1
20,4.0,5,1,4,0.5228891968727112,1,0.0,0.7092796280150748,1.0,-0.1060474587018379,-0.1060474587018379,0.050000000000000044,1,98,-1.0610920555816548,-0.39591446237740996,1
20,5.0,5,1,5,0.31764116883277893,1,0.0,0.2049312852587401,0.0,0.7092796280150748,0.0,0.04750000000000004,1,99,-1.0610920555816548,-0.39591446237740996,1
21,1.0,5,1,1,0.38187655806541443,1,0.0,-0.6148419722466767,0.0,-0.8878546416807118,0.0,0.0,1,100,1.5478135793118653,0.8860313219095254,1
21,2.0,5,1,2,0.3827337324619293,1,0.0,0.5064121654769655,0.0,-0.6148419722466767,-0.0,0.0,1,101,1.5478135793118653,0.8860313219095254,1
21,3.0,5,1,3,0.35922136902809143,1,0.0,-0.03246765491247927,0.0,0.5064121654769655,0.0,0.0,1,102,1.5478135793118653,0.8860313219095254,1
21,4.0,5,1,4,0.518176257610321,1,1.0,1.2304816715190794,0.0,-0.03246765491247927,-0.0,0.0,1,103,1.5478135793118653,0.8860313219095254,1
21,5.0,5,1,5,0.2604443430900574,1,0.0,0.48301578209640306,1.0,1.2304816715190794,1.2304816715190794,0.050000000000000044,1,104,1.5478135793118653,0.8860313219095254,1
22,1.0,5,1,1,0.28834861516952515,1,1.0,0.19006994124654097,0.0,0.24636079676873532,0.0,0.0,1,105,0.498566626001528,0.007406284504238554,1
22,2.0,5,1,2,0.3191550076007843,1,0.0,-0.1301888491405991,1.0,0.19006994124654097,0.19006994124654097,0.050000000000000044,1,106,0.498566626001528,0.007406284504238554,1
22,3.0,5,1,3,0.432222843170166,1,1.0,-0.38980463066879856,0.0,-0.1301888491405991,-0.0,0.04750000000000004,1,107,0.498566626001528,0.007406284504238554,1
22,4.0,5,1,4,0.5410190224647522,1,1.0,0.9802086111064274,1.0,-0.38980463066879856,-0.38980463066879856,0.09512500000000007,1,108,0.498566626001528,0.007406284504238554,1
22,5.0,5,1,5,0.28706616163253784,1,0.0,0.17982805783621061,1.0,0.9802086111064274,0.9802086111064274,0.1403687500000001,1,109,0.498566626001528,0.007406284504238554,1
23,1.0,5,1,1,0.2935318052768707,1,0.0,0.3136284738358195,0.0,0.17880225188341406,0.0,0.0,1,110,2.2157332200343385,0.08636555664055344,1
23,2.0,5,1,2,0.3098987340927124,1,0.0,0.45443691326836644,0.0,0.3136284738358195,0.0,0.0,1,111,2.2157332200343385,0.08636555664055344,1
23,3.0,5,1,3,0.36499127745628357,1,1.0,0.23361037535113308,0.0,0.45443691326836644,0.0,0.0,1,112,2.2157332200343385,0.08636555664055344,1
23,4.0,5,1,4,0.5011123418807983,1,0.0,1.2139310627366968,1.0,0.23361037535113308,0.23361037535113308,0.050000000000000044,1,113,2.2157332200343385,0.08636555664055344,1
23,5.0,5,1,5,0.26215460896492004,1,0.0,0.6227994643535848,0.0,1.2139310627366968,0.0,0.04750000000000004,1,114,2.2157332200343385,0.08636555664055344,1
24,1.0,5,1,1,0.35025885701179504,1,0.0,0.9505155061470068,0.0,-0.5213402072766891,0.0,0.0,1,115,-1.0538781996864215,-0.32970173545399556,1
24,2.0,5,1,2,0.2646568715572357,1,0.0,-0.41663405021240096,0.0,0.9505155061470068,0.0,0.0,1,116,-1.0538781996864215,-0.32970173545399556,1
24,3.0,5,1,3,0.4662715792655945,1,0.0,0.363230898145567,0.0,-0.41663405021240096,-0.0,0.0,1,117,-1.0538781996864215,-0.32970173545399556,1
24,4.0,5,1,4,0.4927962124347687,1,0.0,-0.08796513069813441,0.0,0.363230898145567,0.0,0.0,1,118,-1.0538781996864215,-0.32970173545399556,1
24,5.0,5,1,5,0.41633763909339905,1,0.0,-1.2462885281462786,0.0,-0.08796513069813441,-0.0,0.0,1,119,-1.0538781996864215,-0.32970173545399556,1
25,1.0,5,1,1,0.34781506657600403,1,1.0,-0.27715417887860105,0.0,-0.4924202830398126,0.0,0.0,1,120,-0.4211819760374524,0.16025673438194865,1
25,2.0,5,1,2,0.35541895031929016,1,0.0,-0.43943647469841246,1.0,-0.27715417887860105,-0.27715417887860105,0.050000000000000044,1,121,-0.4211819760374524,0.16025673438194865,1
25,3.0,5,1,3,0.46899983286857605,1,0.0,-0.26067416004481786,0.0,-0.43943647469841246,-0.0,0.04750000000000004,1,122,-0.4211819760374524,0.16025673438194865,1
25,4.0,5,1,4,0.5327791571617126,1,0.0,0.31237143698702263,0.0,-0.26067416004481786,-0.0,0.04512500000000004,1,123,-0.4211819760374524,0.16025673438194865,1
25,5.0,5,1,5,0.3653663396835327,1,0.0,0.15971962870008774,0.0,0.31237143698702263,0.0,0.04286875000000004,1,124,-0.4211819760374524,0.16025673438194865,1
26,1.0,5,1,1,0.5,1,0.0,-0.14205670235319115,0.0,-0.40358451575834814,0.0,0.0,1,125,-1.4682901884327269,0.23711396147173522,0
26,2.0,5,1,2,0.5,1,1.0,-0.9189445615463969,0.0,-0.14205670235319115,-0.0,0.0,1,126,-1.4682901884327269,0.23711396147173522,0
26,3.0,5,1,3,0.5,1,1.0,-0.562573782370374,1.0,-0.9189445615463969,-0.9189445615463969,0.050000000000000044,1,127,-1.4682901884327269,0.23711396147173522,0
26,4.0,5,1,4,0.5,1,1.0,-0.30462688471689514,1.0,-0.562573782370374,-0.562573782370374,0.09750000000000009,1,128,-1.4682901884327269,0.23711396147173522,0
26,5.0,5,1,5,0.5,1,1.0,-1.9409169011223333,1.0,-0.30462688471689514,-0.30462688471689514,0.14262500000000014,1,129,-1.4682901884327269,0.23711396147173522,0
27,1.0,5,1,1,0.5,1,1.0,-0.40108914682152924,0.0,0.09586461567824958,0.0,0.0,1,130,1.8545678250315847,1.1562669880523793,0
27,2.0,5,1,2,0.5,1,0.0,0.5590876129330777,1.0,-0.40108914682152924,-0.40108914682152924,0.050000000000000044,1,131,1.8545678250315847,1.1562669880523793,0
27,3.0,5,1,3,0.5,1,0.0,0.7621584849141149,0.0,0.5590876129330777,0.0,0.04750000000000004,1,132,1.8545678250315847,1.1562669880523793,0
27,4.0,5,1,4,0.5,1,0.0,0.9122612313015697,0.0,0.7621584849141149,0.0,0.04512500000000004,1,133,1.8545678250315847,1.1562669880523793,0
27,5.0,5,1,5,0.5,1,1.0,0.12582934723717673,0.0,0.9122612313015697,0.0,0.04286875000000004,1,134,1.8545678250315847,1.1562669880523793,0
28,1.0,5,1,1,0.5,1,0.0,-0.21904470242778168,0.0,0.36166576678579065,0.0,0.0,1,135,0.3617831898898337,-0.11451925501709873,0
28,2.0,5,1,2,0.5,1,1.0,-0.4057078246194038,0.0,-0.21904470242778168,-0.0,0.0,1,136,0.3617831898898337,-0.11451925501709873,0
28,3.0,5,1,3,0.5,1,0.0,-0.705337698935625,1.0,-0.4057078246194038,-0.4057078246194038,0.050000000000000044,1,137,0.3617831898898337,-0.11451925501709873,0
28,4.0,5,1,4,0.5,1,0.0,-0.7011814791374043,0.0,-0.705337698935625,-0.0,0.04750000000000004,1,138,0.3617831898898337,-0.11451925501709873,0
28,5.0,5,1,5,0.5,1,0.0,-0.6048520929104073,0.0,-0.7011814791374043,-0.0,0.04512500000000004,1,139,0.3617831898898337,-0.11451925501709873,0
29,1.0,5,1,1,0.5,1,1.0,-0.048657509177090275,0.0,-0.32835732299423376,0.0,0.0,1,140,-0.3446819965674226,-1.8863955831226251,0
29,2.0,5,1,2,0.5,1,0.0,-0.5754782576303843,1.0,-0.048657509177090275,-0.048657509177090275,0.050000000000000044,1,141,-0.3446819965674226,-1.8863955831226251,0
29,3.0,5,1,3,0.5,1,0.0,-2.493337418825145,0.0,-0.5754782576303843,-0.0,0.04750000000000004,1,142,-0.3446819965674226,-1.8863955831226251,0
29,4.0,5,1,4,0.5,1,0.0,-0.9921290460310359,0.0,-2.493337418825145,-0.0,0.04512500000000004,1,143,-0.3446819965674226,-1.8863955831226251,0
29,5.0,5,1,5,0.5,1,0.0,-1.80798322823052,0.0,-0.9921290460310359,-0.0,0.04286875000000004,1,144,-0.3446819965674226,-1.8863955831226251,0
30,1.0,5,1,1,0.5,1,0.0,-0.47540670056974177,0.0,0.42240937338887896,0.0,0.0,1,145,-0.48076137469574104,0.4272084128739661,0
30,2.0,5,1,2,0.5,1,0.0,0.0008000291295327836,0.0,-0.47540670056974177,-0.0,0.0,1,146,-0.48076137469574104,0.4272084128739661,0
30,3.0,5,1,3,0.5,1,1.0,-0.3605740529233168,0.0,0.0008000291295327836,0.0,0.0,1,147,-0.48076137469574104,0.4272084128739661,0
30,4.0,5,1,4,0.5,1,1.0,-0.47113361501404266,1.0,-0.3605740529233168,-0.3605740529233168,0.050000000000000044,1,148,-0.48076137469574104,0.4272084128739661,0
30,5.0,5,1,5,0.5,1,0.0,-0.273689556983123,1.0,-0.47113361501404266,-0.47113361501404266,0.09750000000000009,1,149,-0.48076137469574104,0.4272084128739661,0
31,1.0,5,1,1,0.5,1,1.0,0.7704402081284684,0.0,-0.2268151412308825,0.0,0.0,1,150,1.7771023114124695,1.8567110218454608,0
31,2.0,5,1,2,0.5,1,1.0,1.190961568355045,1.0,0.7704402081284684,0.7704402081284684,0.050000000000000044,1,151,1.7771023114124695,1.8567110218454608,0
31,3.0,5,1,3,0.5,1,0.0,0.8063171772893654,1.0,1.190961568355045,1.190961568355045,0.09750000000000009,1,152,1.7771023114124695,1.8567110218454608,0
31,4.0,5,1,4,0.5,1,0.0,1.291182949170628,0.0,0.8063171772893654,0.0,0.09262500000000007,1,153,1.7771023114124695,1.8567110218454608,0
31,5.0,5,1,5,0.5,1,1.0,0.0870607059133216,0.0,1.291182949170628,0.0,0.08799375000000006,1,154,1.7771023114124695,1.8567110218454608,0
32,1.0,5,1,1,0.5,1,1.0,-0.853340939403604,0.0,-0.47755698122833923,0.0,0.0,1,155,-0.972913648977512,-1.0613850362674058,0
32,2.0,5,1,2,0.5,1,0.0,-0.33485366791331905,1.0,-0.853340939403604,-0.853340939403604,0.050000000000000044,1,156,-0.972913648977512,-1.0613850362674058,0
32,3.0,5,1,3,0.5,1,1.0,-1.5731671565243155,0.0,-0.33485366791331905,-0.0,0.04750000000000004,1,157,-0.972913648977512,-1.0613850362674058,0
32,4.0,5,1,4,0.5,1,1.0,-1.3011560983887838,1.0,-1.5731671565243155,-1.5731671565243155,0.09512500000000007,1,158,-0.972913648977512,-1.0613850362674058,0
32,5.0,5,1,5,0.5,1,0.0,-1.5427124905876277,1.0,-1.3011560983887838,-1.3011560983887838,0.1403687500000001,1,159,-0.972913648977512,-1.0613850362674058,0
33,1.0,5,1,1,0.5,1,1.0,0.15905642418271834,0.0,-0.7183434321585637,0.0,0.0,1,160,0.2394898537618873,-0.26608599304722036,0
33,2.0,5,1,2,0.5,1,0.0,0.7336050367337841,1.0,0.15905642418271834,0.15905642418271834,0.050000000000000044,1,161,0.2394898537618873,-0.26608599304722036,0
33,3.0,5,1,3,0.5,1,0.0,1.1184903535995372,0.0,0.7336050367337841,0.0,0.04750000000000004,1,162,0.2394898537618873,-0.26608599304722036,0
33,4.0,5,1,4,0.5,1,1.0,1.2759468000233418,0.0,1.1184903535995372,0.0,0.04512500000000004,1,163,0.2394898537618873,-0.26608599304722036,0
33,5.0,5,1,5,0.5,1,1.0,1.9139009001691858,1.0,1.2759468000233418,1.2759468000233418,0.09286875000000008,1,164,0.2394898537618873,-0.26608599304722036,0
34,1.0,5,1,1,0.5,1,0.0,-0.5781871635588899,0.0,0.03197187832225356,0.0,0.0,1,165,-0.35177657665564166,-1.849495885044779,0
34,2.0,5,1,2,0.5,1,1.0,-0.5554487464356165,0.0,-0.5781871635588899,-0.0,0.0,1,166,-0.35177657665564166,-1.849495885044779,0
34,3.0,5,1,3,0.5,1,0.0,-0.8205457786171149,1.0,-0.5554487464356165,-0.5554487464356165,0.050000000000000044,1,167,-0.35177657665564166,-1.849495885044779,0
34,4.0,5,1,4,0.5,1,0.0,-0.5669856544748095,0.0,-0.8205457786171149,-0.0,0.04750000000000004,1,168,-0.35177657665564166,-1.849495885044779,0
34,5.0,5,1,5,0.5,1,1.0,0.5801616720308718,0.0,-0.5669856544748095,-0.0,0.04512500000000004,1,169,-0.35177657665564166,-1.849495885044779,0
35,1.0,5,1,1,0.5,1,1.0,0.8955557401297269,0.0,0.6454682801136682,0.0,0.0,1,170,-2.178576276455117,-0.4603781562114056,0
35,2.0,5,1,2,0.5,1,1.0,0.24772153686878393,1.0,0.8955557401297269,0.8955557401297269,0.050000000000000044,1,171,-2.178576276455117,-0.4603781562114056,0
35,3.0,5,1,3,0.5,1,1.0,-0.5155835985947698,1.0,0.24772153686878393,0.24772153686878393,0.09750000000000009,1,172,-2.178576276455117,-0.4603781562114056,0
35,4.0,5,1,4,0.5,1,0.0,-1.8720970781371145,1.0,-0.5155835985947698,-0.5155835985947698,0.14262500000000014,1,173,-2.178576276455117,-0.4603781562114056,0
35,5.0,5,1,5,0.5,1,1.0,-1.382243946451967,0.0,-1.8720970781371145,-0.0,0.13549375000000013,1,174,-2.178576276455117,-0.4603781562114056,0
36,1.0,5,1,1,0.5,1,1.0,-0.48543033825251425,0.0,0.6892199898250463,0.0,0.0,1,175,0.5013067403761122,0.49801541836974883,0
36,2.0,5,1,2,0.5,1,1.0,-0.5828028425296525,1.0,-0.48543033825251425,-0.48543033825251425,0.050000000000000044,1,176,0.5013067403761122,0.49801541836974883,0
36,3.0,5,1,3,0.5,1,0.0,-0.025218310782331943,1.0,-0.5828028425296525,-0.5828028425296525,0.09750000000000009,1,177,0.5013067403761122,0.49801541836974883,0
36,4.0,5,1,4,0.5,1,1.0,0.10406817128892362,0.0,-0.025218310782331943,-0.0,0.09262500000000007,1,178,0.5013067403761122,0.49801541836974883,0
36,5.0,5,1,5,0.5,1,0.0,0.3960408336908209,1.0,0.10406817128892362,0.10406817128892362,0.1379937500000001,1,179,0.5013067403761122,0.49801541836974883,0
37,1.0,5,1,1,0.5,1,0.0,0.3652691217817854,0.0,-0.29284751610569604,0.0,0.0,1,180,0.8264104962682588,1.200718817295856,0
37,2.0,5,1,2,0.5,1,0.0,-0.22209922414907546,0.0,0.3652691217817854,0.0,0.0,1,181,0.8264104962682588,1.200718817295856,0
37,3.0,5,1,3,0.5,1,0.0,-0.6866677058457555,0.0,-0.22209922414907546,-0.0,0.0,1,182,0.8264104962682588,1.200718817295856,0
37,4.0,5,1,4,0.5,1,1.0,-0.6641591202719188,0.0,-0.6866677058457555,-0.0,0.0,1,183,0.8264104962682588,1.200718817295856,0
37,5.0,5,1,5,0.5,1,1.0,0.5962470679779284,1.0,-0.6641591202719188,-0.6641591202719188,0.050000000000000044,1,184,0.8264104962682588,1.200718817295856,0
38,1.0,5,1,1,0.5,1,0.0,-1.1101856438132667,0.0,-0.21007122016897326,0.0,0.0,1,185,-0.8777726371895576,0.09903884182698364,0
38,2.0,5,1,2,0.5,1,1.0,-1.1968138692445969,0.0,-1.1101856438132667,-0.0,0.0,1,186,-0.8777726371895576,0.09903884182698364,0
38,3.0,5,1,3,0.5,1,0.0,-0.2656770720558854,1.0,-1.1968138692445969,-1.1968138692445969,0.050000000000000044,1,187,-0.8777726371895576,0.09903884182698364,0
38,4.0,5,1,4,0.5,1,1.0,0.30338078208942976,0.0,-0.2656770720558854,-0.0,0.04750000000000004,1,188,-0.8777726371895576,0.09903884182698364,0
38,5.0,5,1,5,0.5,1,1.0,-0.15846733951253308,1.0,0.30338078208942976,0.30338078208942976,0.09512500000000007,1,189,-0.8777726371895576,0.09903884182698364,0
39,1.0,5,1,1,0.5,1,0.0,-2.2249623265345844,0.0,-0.16103893978643816,0.0,0.0,1,190,-1.0137356089037746,0.7599923363147945,0
39,2.0,5,1,2,0.5,1,0.0,-2.528124841243182,0.0,-2.2249623265345844,-0.0,0.0,1,191,-1.0137356089037746,0.7599923363147945,0
39,3.0,5,1,3,0.5,1,0.0,-2.58568937462942,0.0,-2.528124841243182,-0.0,0.0,1,192,-1.0137356089037746,0.7599923363147945,0
39,4.0,5,1,4,0.5,1,1.0,-1.3173202200959242,0.0,-2.58568937462942,-0.0,0.0,1,193,-1.0137356089037746,0.7599923363147945,0
39,5.0,5,1,5,0.5,1,0.0,-0.4601792752575783,1.0,-1.3173202200959242,-1.3173202200959242,0.050000000000000044,1,194,-1.0137356089037746,0.7599923363147945,0
40,1.0,5,1,1,0.5,1,0.0,-0.05014114846719002,0.0,0.13828049914573928,0.0,0.0,1,195,-0.6235304267171384,0.9918054104328189,0
40,2.0,5,1,2,0.5,1,1.0,-0.5677799514781214,0.0,-0.05014114846719002,-0.0,0.0,1,196,-0.6235304267171384,0.9918054104328189,0
40,3.0,5,1,3,0.5,1,1.0,-0.3886546289020948,1.0,-0.5677799514781214,-0.5677799514781214,0.050000000000000044,1,197,-0.6235304267171384,0.9918054104328189,0
40,4.0,5,1,4,0.5,1,1.0,-0.2526008965224098,1.0,-0.3886546289020948,-0.3886546289020948,0.09750000000000009,1,198,-0.6235304267171384,0.9918054104328189,0
40,5.0,5,1,5,0.5,1,0.0,-0.7008723448898951,1.0,-0.2526008965224098,-0.2526008965224098,0.14262500000000014,1,199,-0.6235304267171384,0.9918054104328189,0
41,1.0,5,1,1,0.5,1,0.0,-0.055849882251103745,0.0,-0.08409779979048596,0.0,0.0,1,200,0.22686147741446752,-0.4630069472496277,0
41,2.0,5,1,2,0.5,1,0.0,-0.7037032045829681,0.0,-0.055849882251103745,-0.0,0.0,1,201,0.22686147741446752,-0.4630069472496277,0
41,3.0,5,1,3,0.5,1,1.0,-0.5918293945621133,0.0,-0.7037032045829681,-0.0,0.0,1,202,0.22686147741446752,-0.4630069472496277,0
41,4.0,5,1,4,0.5,1,1.0,0.666642269545085,1.0,-0.5918293945621133,-0.5918293945621133,0.050000000000000044,1,203,0.22686147741446752,-0.4630069472496277,0
41,5.0,5,1,5,0.5,1,0.0,0.08952305564926302,1.0,0.666642269545085,0.666642269545085,0.09750000000000009,1,204,0.22686147741446752,-0.4630069472496277,0
42,1.0,5,1,1,0.5,1,1.0,0.18894046212339177,0.0,-0.9708427572957468,0.0,0.0,1,205,-1.0314807376398052,-1.4782213146438763,0
42,2.0,5,1,2,0.5,1,0.0,-0.3295224683311343,1.0,0.18894046212339177,0.18894046212339177,0.050000000000000044,1,206,-1.0314807376398052,-1.4782213146438763,0
42,3.0,5,1,3,0.5,1,1.0,0.32398490609161323,0.0,-0.3295224683311343,-0.0,0.04750000000000004,1,207,-1.0314807376398052,-1.4782213146438763,0
42,4.0,5,1,4,0.5,1,0.0,0.17584527125291,1.0,0.32398490609161323,0.32398490609161323,0.09512500000000007,1,208,-1.0314807376398052,-1.4782213146438763,0
42,5.0,5,1,5,0.5,1,0.0,0.7358561116915996,0.0,0.17584527125291,0.0,0.09036875000000007,1,209,-1.0314807376398052,-1.4782213146438763,0
43,1.0,5,1,1,0.5,1,1.0,0.2843844002320506,0.0,0.18339044106699867,0.0,0.0,1,210,0.20453334635734333,-1.5361236714641893,0
43,2.0,5,1,2,0.5,1,1.0,-0.7734464217666693,1.0,0.2843844002320506,0.2843844002320506,0.050000000000000044,1,211,0.20453334635734333,-1.5361236714641893,0
43,3.0,5,1,3,0.5,1,1.0,-0.19561115604372814,1.0,-0.7734464217666693,-0.7734464217666693,0.09750000000000009,1,212,0.20453334635734333,-1.5361236714641893,0
43,4.0,5,1,4,0.5,1,0.0,-0.5049809627598404,1.0,-0.19561115604372814,-0.19561115604372814,0.14262500000000014,1,213,0.20453334635734333,-1.5361236714641893,0
43,5.0,5,1,5,0.5,1,1.0,-0.09622614031554047,0.0,-0.5049809627598404,-0.0,0.13549375000000013,1,214,0.20453334635734333,-1.5361236714641893,0
44,1.0,5,1,1,0.5,1,1.0,1.1322834602659193,0.0,0.19609673838844593,0.0,0.0,1,215,2.1549165415850853,1.158735359209895,0
44,2.0,5,1,2,0.5,1,1.0,2.1451103620061804,1.0,1.1322834602659193,1.1322834602659193,0.050000000000000044,1,216,2.1549165415850853,1.158735359209895,0
44,3.0,5,1,3,0.5,1,0.0,1.712737862623147,1.0,2.1451103620061804,2.1451103620061804,0.09750000000000009,1,217,2.1549165415850853,1.158735359209895,0
44,4.0,5,1,4,0.5,1,0.0,1.4764360465533641,0.0,1.712737862623147,0.0,0.09262500000000007,1,218,2.1549165415850853,1.158735359209895,0
44,5.0,5,1,5,0.5,1,0.0,0.5105672096622117,0.0,1.4764360465533641,0.0,0.08799375000000006,1,219,2.1549165415850853,1.158735359209895,0
45,1.0,5,1,1,0.5,1,0.0,0.9249687783987439,0.0,0.0033105989186572498,0.0,0.0,1,220,0.2896644400584789,-0.09573537761136362,0
45,2.0,5,1,2,0.5,1,1.0,1.2752781890706308,0.0,0.9249687783987439,0.0,0.0,1,221,0.2896644400584789,-0.09573537761136362,0
45,3.0,5,1,3,0.5,1,1.0,0.6330760159287636,1.0,1.2752781890706308,1.2752781890706308,0.050000000000000044,1,222,0.2896644400584789,-0.09573537761136362,0
45,4.0,5,1,4,0.5,1,1.0,0.41308192853953374,1.0,0.6330760159287636,0.6330760159287636,0.09750000000000009,1,223,0.2896644400584789,-0.09573537761136362,0
45,5.0,5,1,5,0.5,1,0.0,1.0162740193112798,1.0,0.41308192853953374,0.41308192853953374,0.14262500000000014,1,224,0.2896644400584789,-0.09573537761136362,0
46,1.0,5,1,1,0.5,1,1.0,1.1177421402333674,0.0,-0.09479122520589041,0.0,0.0,1,225,-0.35416241522318626,0.838248950526286,0
46,2.0,5,1,2,0.5,1,1.0,1.092341137323456,1.0,1.1177421402333674,1.1177421402333674,0.050000000000000044,1,226,-0.35416241522318626,0.838248950526286,0
46,3.0,5,1,3,0.5,1,0.0,0.07096398421448938,1.0,1.092341137323456,1.092341137323456,0.09750000000000009,1,227,-0.35416241522318626,0.838248950526286,0
46,4.0,5,1,4,0.5,1,1.0,0.6614178995240132,0.0,0.07096398421448938,0.0,0.09262500000000007,1,228,-0.35416241522318626,0.838248950526286,0
46,5.0,5,1,5,0.5,1,0.0,0.6666847599873568,1.0,0.6614178995240132,0.6614178995240132,0.1379937500000001,1,229,-0.35416241522318626,0.838248950526286,0
47,1.0,5,1,1,0.5,1,1.0,-0.2646131135631943,0.0,0.36255880679453073,0.0,0.0,1,230,-1.119916562468494,-1.103336804888914,0
47,2.0,5,1,2,0.5,1,1.0,-1.3143792372522383,1.0,-0.2646131135631943,-0.2646131135631943,0.050000000000000044,1,231,-1.119916562468494,-1.103336804888914,0
47,3.0,5,1,3,0.5,1,1.0,-0.885609363645517,1.0,-1.3143792372522383,-1.3143792372522383,0.09750000000000009,1,232,-1.119916562468494,-1.103336804888914,0
47,4.0,5,1,4,0.5,1,1.0,-0.4568442352645199,1.0,-0.885609363645517,-0.885609363645517,0.14262500000000014,1,233,-1.119916562468494,-1.103336804888914,0
47,5.0,5,1,5,0.5,1,1.0,-0.4020248686866609,1.0,-0.4568442352645199,-0.4568442352645199,0.18549375000000018,1,234,-1.119916562468494,-1.103336804888914,0
48,1.0,5,1,1,0.5,1,1.0,-1.4198803590442888,0.0,-0.47483333167351305,0.0,0.0,1,235,1.1228172617553658,-0.2890287005335083,0
48,2.0,5,1,2,0.5,1,0.0,-0.7739987609168375,1.0,-1.4198803590442888,-1.4198803590442888,0.050000000000000044,1,236,1.1228172617553658,-0.2890287005335083,0
48,3.0,5,1,3,0.5,1,1.0,-0.865217473270119,0.0,-0.7739987609168375,-0.0,0.04750000000000004,1,237,1.1228172617553658,-0.2890287005335083,0
48,4.0,5,1,4,0.5,1,1.0,-1.5157891646613522,1.0,-0.865217473270119,-0.865217473270119,0.09512500000000007,1,238,1.1228172617553658,-0.2890287005335083,0
48,5.0,5,1,5,0.5,1,1.0,-2.5568781199410084,1.0,-1.5157891646613522,-1.5157891646613522,0.1403687500000001,1,239,1.1228172617553658,-0.2890287005335083,0
49,1.0,5,1,1,0.5,1,0.0,0.5030747588581629,0.0,-0.7830435949573551,0.0,0.0,1,240,-0.2402685345570686,0.01921135827741094,0
49,2.0,5,1,2,0.5,1,1.0,0.8390577703712779,0.0,0.5030747588581629,0.0,0.0,1,241,-0.2402685345570686,0.01921135827741094,0
49,3.0,5,1,3,0.5,1,1.0,1.097731153904888,1.0,0.8390577703712779,0.8390577703712779,0.050000000000000044,1,242,-0.2402685345570686,0.01921135827741094,0
49,4.0,5,1,4,0.5,1,1.0,-0.5412877723734377,1.0,1.097731153904888,1.097731153904888,0.09750000000000009,1,243,-0.2402685345570686,0.01921135827741094,0
49,5.0,5,1,5,0.5,1,1.0,0.7911393933324049,1.0,-0.5412877723734377,-0.5412877723734377,0.14262500000000014,1,244,-0.2402685345570686,0.01921135827741094,0
50,1.0,5,1,1,0.5,1,1.0,-0.35690056567844075,0.0,-0.40650603387905915,0.0,0.0,1,245,-0.43772163490189187,-0.654866011311491,0
50,2.0,5,1,2,0.5,1,1.0,0.07206288189447604,1.0,-0.35690056567844075,-0.35690056567844075,0.050000000000000044,1,246,-0.43772163490189187,-0.654866011311491,0
50,3.0,5,1,3,0.5,1,1.0,-0.2529445135995715,1.0,0.07206288189447604,0.07206288189447604,0.09750000000000009,1,247,-0.43772163490189187,-0.654866011311491,0
50,4.0,5,1,4,0.5,1,1.0,-0.4494406885674997,1.0,-0.2529445135995715,-0.2529445135995715,0.14262500000000014,1,248,-0.43772163490189187,-0.654866011311491,0
50,5.0,5,1,5,0.5,1,1.0,-0.36091363459412457,1.0,-0.4494406885674997,-0.4494406885674997,0.18549375000000018,1,249,-0.43772163490189187,-0.654866011311491,0
